Workbook

Sheet README
A1: Сводная таблица: нагрузочный Excel-датасет для проверки больших данных
A3: Назначение | B3: Файл предназначен для создания тестового датасета под сводную таблицу Modus BI: глубокие иерархии строк, горизонтальная иерархия колонок, перекошенная крупная ветка, проверка пагинации, кэша и функции «Развернуть до уровня N».
A4: Как использовать | B4: Лист Data_Formulas уже содержит формулы на 5000 строк. Для теста 10 000 / 100 000 строк протяните формулы вниз. После протягивания пересчитайте файл и сохраните перед импортом в портал.
A5: Почему формулы | B5: Чтобы не хранить в файле сотни тысяч строк значений. При протягивании автоматически создаются новые города, SKU, клиенты, даты, суммы и сценарии объёма.
A6: Важное замечание | B6: Если импортёр портала не вычисляет Excel-формулы самостоятельно, откройте файл в Excel/LibreOffice, дождитесь пересчёта и сохраните. При необходимости скопируйте Data_Formulas и вставьте как значения.
A7: Главный тестовый сценарий | B7: Одна крупная ветка product_group/category/subcategory занимает много листовых строк и должна корректно разрываться между страницами с дублированием родительских заголовков.
A8: Готовая выборка | B8: Лист Data_Values_Sample содержит 1000 уже рассчитанных строк как пример/быстрая проверка. Для нагрузочного теста используйте Data_Formulas и протягивайте формулы.

Sheet Settings
A1: Параметр | B1: Значение | C1: Комментарий
A2: start_date | B2: 45292 | C2: Базовая дата. order_date_seq растёт на 1 день в каждой строке.
A3: formula_rows_in_file | B3: 5000 | C3: Сколько строк формул уже подготовлено в Data_Formulas.
A4: small_control_threshold | B4: 100 | C4: Первые 100 строк — контрольный малый сценарий.
A5: medium_10k_threshold | B5: 10000 | C5: До 10 000 строк — средний сценарий.
A6: large_100k_threshold | B6: 100000 | C6: До 100 000 строк — крупный сценарий.
A7: period_cycle_days | B7: 1096 | C7: Периодическая дата для колонок year/quarter/month/day: примерно 3 года.
A8: skewed_branch_ratio | B8: ≈70% | C8: Около 70% строк попадают в одну крупную ветку.
A9: recommended_page_sizes | B9: 10; 50; 100; 500; 1000 | C9: Размеры страниц для проверки структурной пагинации.
A10: recommended_extend_to | B10: 100000 | C10: Целевой объём для основной оценки производительности.

Sheet Data_Formulas
A1: row_id | B1: scenario_group | C1: order_id | D1: order_line_id | E1: order_date_seq | F1: period_date | G1: year | H1: quarter | I1: month_num | J1: month_name | K1: day_of_month | L1: federal_district | M1: region | N1: city | O1: organization_group | P1: organization | Q1: department | R1: product_group | S1: category | T1: subcategory | U1: sku | V1: client_segment | W1: client_name | X1: channel | Y1: amount | Z1: quantity | AA1: margin | AB1: is_skewed_branch | AC1: branch_key | AD1: line_count | AE1: data_volume_bucket
A2: =ROW()-1 | B2: =IF($A2<=Settings!$B$4,"small_control",IF($A2<=Settings!$B$5,"medium_10k",IF($A2<=Settings!$B$6,"large_100k","extreme_1m"))) | C2: ="ORD-"&TEXT(QUOTIENT($A2-1,3)+1,"0000000") | D2: ="LINE-"&TEXT($A2,"0000000") | E2: =Settings!$B$2+$A2-1 | F2: =Settings!$B$2+MOD($A2-1,Settings!$B$7) | G2: =YEAR($F2) | H2: ="Q"&ROUNDUP(MONTH($F2)/3,0) | I2: =MONTH($F2) | J2: =CHOOSE(MONTH($F2),"Январь","Февраль","Март","Апрель","Май","Июнь","Июль","Август","Сентябрь","Октябрь","Ноябрь","Декабрь") | K2: =DAY($F2) | L2: =IF(MOD($A2,10)<7,"ФО_01_Крупный","ФО_"&TEXT(MOD($A2,8)+1,"00")) | M2: =IF($AB2="Да","Регион_001_Крупный","Регион_"&TEXT(MOD(QUOTIENT($A2-1,20),180)+1,"000")) | N2: =IF($AB2="Да","Город_"&TEXT(MOD($A2-1,250)+1,"0000"),"Город_"&TEXT(MOD($A2-1,3000)+1,"0000")) | O2: =IF($AB2="Да","Холдинг_Крупный","Холдинг_"&TEXT(MOD(QUOTIENT($A2-1,10000),20)+1,"00")) | P2: =IF($AB2="Да","Организация_Крупная","Организация_"&TEXT(MOD(QUOTIENT($A2-1,500),600)+1,"000")) | Q2: ="Отдел_"&TEXT(MOD(QUOTIENT($A2-1,50),100)+1,"000") | R2: =IF($AB2="Да","Группа_Крупная","Группа_"&TEXT(MOD(QUOTIENT($A2-1,5000),30)+1,"00")) | S2: =IF($AB2="Да","Категория_Крупная","Категория_"&TEXT(MOD(QUOTIENT($A2-1,500),120)+1,"000")) | T2: =IF($AB2="Да","Подкатегория_Крупная","Подкатегория_"&TEXT(MOD(QUOTIENT($A2-1,50),300)+1,"000")) | U2: ="SKU_"&TEXT($A2,"0000000") | V2: =CHOOSE(MOD($A2-1,4)+1,"Enterprise","SMB","Госсектор","Розница") | W2: ="Клиент_"&TEXT(MOD($A2-1,20000)+1,"00000") | X2: =CHOOSE(MOD($A2-1,5)+1,"Портал","API","Импорт","Ручной ввод","Интеграция") | Y2: =ROUND(1000+MOD($A2*37,90000)+IF($AB2="Да",5000,0),2) | Z2: =1+MOD($A2,20) | AA2: =ROUND($Y2*(0.08+MOD($A2,17)/100),2) | AB2: =IF(MOD($A2,10)<7,"Да","Нет") | AC2: =$R2&" / "&$S2&" / "&$T2 | AD2: =1 | AE2: =IF($A2<=Settings!$B$4,"до 100",IF($A2<=Settings!$B$5,"до 10 000",IF($A2<=Settings!$B$6,"до 100 000","100 000+")))
A3: =ROW()-1 | B3: =IF($A3<=Settings!$B$4,"small_control",IF($A3<=Settings!$B$5,"medium_10k",IF($A3<=Settings!$B$6,"large_100k","extreme_1m"))) | C3: ="ORD-"&TEXT(QUOTIENT($A3-1,3)+1,"0000000") | D3: ="LINE-"&TEXT($A3,"0000000") | E3: =Settings!$B$2+$A3-1 | F3: =Settings!$B$2+MOD($A3-1,Settings!$B$7) | G3: =YEAR($F3) | H3: ="Q"&ROUNDUP(MONTH($F3)/3,0) | I3: =MONTH($F3) | J3: =CHOOSE(MONTH($F3),"Январь","Февраль","Март","Апрель","Май","Июнь","Июль","Август","Сентябрь","Октябрь","Ноябрь","Декабрь") | K3: =DAY($F3) | L3: =IF(MOD($A3,10)<7,"ФО_01_Крупный","ФО_"&TEXT(MOD($A3,8)+1,"00")) | M3: =IF($AB3="Да","Регион_001_Крупный","Регион_"&TEXT(MOD(QUOTIENT($A3-1,20),180)+1,"000")) | N3: =IF($AB3="Да","Город_"&TEXT(MOD($A3-1,250)+1,"0000"),"Город_"&TEXT(MOD($A3-1,3000)+1,"0000")) | O3: =IF($AB3="Да","Холдинг_Крупный","Холдинг_"&TEXT(MOD(QUOTIENT($A3-1,10000),20)+1,"00")) | P3: =IF($AB3="Да","Организация_Крупная","Организация_"&TEXT(MOD(QUOTIENT($A3-1,500),600)+1,"000")) | Q3: ="Отдел_"&TEXT(MOD(QUOTIENT($A3-1,50),100)+1,"000") | R3: =IF($AB3="Да","Группа_Крупная","Группа_"&TEXT(MOD(QUOTIENT($A3-1,5000),30)+1,"00")) | S3: =IF($AB3="Да","Категория_Крупная","Категория_"&TEXT(MOD(QUOTIENT($A3-1,500),120)+1,"000")) | T3: =IF($AB3="Да","Подкатегория_Крупная","Подкатегория_"&TEXT(MOD(QUOTIENT($A3-1,50),300)+1,"000")) | U3: ="SKU_"&TEXT($A3,"0000000") | V3: =CHOOSE(MOD($A3-1,4)+1,"Enterprise","SMB","Госсектор","Розница") | W3: ="Клиент_"&TEXT(MOD($A3-1,20000)+1,"00000") | X3: =CHOOSE(MOD($A3-1,5)+1,"Портал","API","Импорт","Ручной ввод","Интеграция") | Y3: =ROUND(1000+MOD($A3*37,90000)+IF($AB3="Да",5000,0),2) | Z3: =1+MOD($A3,20) | AA3: =ROUND($Y3*(0.08+MOD($A3,17)/100),2) | AB3: =IF(MOD($A3,10)<7,"Да","Нет") | AC3: =$R3&" / "&$S3&" / "&$T3 | AD3: =1 | AE3: =IF($A3<=Settings!$B$4,"до 100",IF($A3<=Settings!$B$5,"до 10 000",IF($A3<=Settings!$B$6,"до 100 000","100 000+")))
A4: =ROW()-1 | B4: =IF($A4<=Settings!$B$4,"small_control",IF($A4<=Settings!$B$5,"medium_10k",IF($A4<=Settings!$B$6,"large_100k","extreme_1m"))) | C4: ="ORD-"&TEXT(QUOTIENT($A4-1,3)+1,"0000000") | D4: ="LINE-"&TEXT($A4,"0000000") | E4: =Settings!$B$2+$A4-1 | F4: =Settings!$B$2+MOD($A4-1,Settings!$B$7) | G4: =YEAR($F4) | H4: ="Q"&ROUNDUP(MONTH($F4)/3,0) | I4: =MONTH($F4) | J4: =CHOOSE(MONTH($F4),"Январь","Февраль","Март","Апрель","Май","Июнь","Июль","Август","Сентябрь","Октябрь","Ноябрь","Декабрь") | K4: =DAY($F4) | L4: =IF(MOD($A4,10)<7,"ФО_01_Крупный","ФО_"&TEXT(MOD($A4,8)+1,"00")) | M4: =IF($AB4="Да","Регион_001_Крупный","Регион_"&TEXT(MOD(QUOTIENT($A4-1,20),180)+1,"000")) | N4: =IF($AB4="Да","Город_"&TEXT(MOD($A4-1,250)+1,"0000"),"Город_"&TEXT(MOD($A4-1,3000)+1,"0000")) | O4: =IF($AB4="Да","Холдинг_Крупный","Холдинг_"&TEXT(MOD(QUOTIENT($A4-1,10000),20)+1,"00")) | P4: =IF($AB4="Да","Организация_Крупная","Организация_"&TEXT(MOD(QUOTIENT($A4-1,500),600)+1,"000")) | Q4: ="Отдел_"&TEXT(MOD(QUOTIENT($A4-1,50),100)+1,"000") | R4: =IF($AB4="Да","Группа_Крупная","Группа_"&TEXT(MOD(QUOTIENT($A4-1,5000),30)+1,"00")) | S4: =IF($AB4="Да","Категория_Крупная","Категория_"&TEXT(MOD(QUOTIENT($A4-1,500),120)+1,"000")) | T4: =IF($AB4="Да","Подкатегория_Крупная","Подкатегория_"&TEXT(MOD(QUOTIENT($A4-1,50),300)+1,"000")) | U4: ="SKU_"&TEXT($A4,"0000000") | V4: =CHOOSE(MOD($A4-1,4)+1,"Enterprise","SMB","Госсектор","Розница") | W4: ="Клиент_"&TEXT(MOD($A4-1,20000)+1,"00000") | X4: =CHOOSE(MOD($A4-1,5)+1,"Портал","API","Импорт","Ручной ввод","Интеграция") | Y4: =ROUND(1000+MOD($A4*37,90000)+IF($AB4="Да",5000,0),2) | Z4: =1+MOD($A4,20) | AA4: =ROUND($Y4*(0.08+MOD($A4,17)/100),2) | AB4: =IF(MOD($A4,10)<7,"Да","Нет") | AC4: =$R4&" / "&$S4&" / "&$T4 | AD4: =1 | AE4: =IF($A4<=Settings!$B$4,"до 100",IF($A4<=Settings!$B$5,"до 10 000",IF($A4<=Settings!$B$6,"до 100 000","100 000+")))
A5: =ROW()-1 | B5: =IF($A5<=Settings!$B$4,"small_control",IF($A5<=Settings!$B$5,"medium_10k",IF($A5<=Settings!$B$6,"large_100k","extreme_1m"))) | C5: ="ORD-"&TEXT(QUOTIENT($A5-1,3)+1,"0000000") | D5: ="LINE-"&TEXT($A5,"0000000") | E5: =Settings!$B$2+$A5-1 | F5: =Settings!$B$2+MOD($A5-1,Settings!$B$7) | G5: =YEAR($F5) | H5: ="Q"&ROUNDUP(MONTH($F5)/3,0) | I5: =MONTH($F5) | J5: =CHOOSE(MONTH($F5),"Январь","Февраль","Март","Апрель","Май","Июнь","Июль","Август","Сентябрь","Октябрь","Ноябрь","Декабрь") | K5: =DAY($F5) | L5: =IF(MOD($A5,10)<7,"ФО_01_Крупный","ФО_"&TEXT(MOD($A5,8)+1,"00")) | M5: =IF($AB5="Да","Регион_001_Крупный","Регион_"&TEXT(MOD(QUOTIENT($A5-1,20),180)+1,"000")) | N5: =IF($AB5="Да","Город_"&TEXT(MOD($A5-1,250)+1,"0000"),"Город_"&TEXT(MOD($A5-1,3000)+1,"0000")) | O5: =IF($AB5="Да","Холдинг_Крупный","Холдинг_"&TEXT(MOD(QUOTIENT($A5-1,10000),20)+1,"00")) | P5: =IF($AB5="Да","Организация_Крупная","Организация_"&TEXT(MOD(QUOTIENT($A5-1,500),600)+1,"000")) | Q5: ="Отдел_"&TEXT(MOD(QUOTIENT($A5-1,50),100)+1,"000") | R5: =IF($AB5="Да","Группа_Крупная","Группа_"&TEXT(MOD(QUOTIENT($A5-1,5000),30)+1,"00")) | S5: =IF($AB5="Да","Категория_Крупная","Категория_"&TEXT(MOD(QUOTIENT($A5-1,500),120)+1,"000")) | T5: =IF($AB5="Да","Подкатегория_Крупная","Подкатегория_"&TEXT(MOD(QUOTIENT($A5-1,50),300)+1,"000")) | U5: ="SKU_"&TEXT($A5,"0000000") | V5: =CHOOSE(MOD($A5-1,4)+1,"Enterprise","SMB","Госсектор","Розница") | W5: ="Клиент_"&TEXT(MOD($A5-1,20000)+1,"00000") | X5: =CHOOSE(MOD($A5-1,5)+1,"Портал","API","Импорт","Ручной ввод","Интеграция") | Y5: =ROUND(1000+MOD($A5*37,90000)+IF($AB5="Да",5000,0),2) | Z5: =1+MOD($A5,20) | AA5: =ROUND($Y5*(0.08+MOD($A5,17)/100),2) | AB5: =IF(MOD($A5,10)<7,"Да","Нет") | AC5: =$R5&" / "&$S5&" / "&$T5 | AD5: =1 | AE5: =IF($A5<=Settings!$B$4,"до 100",IF($A5<=Settings!$B$5,"до 10 000",IF($A5<=Settings!$B$6,"до 100 000","100 000+")))
A6: =ROW()-1 | B6: =IF($A6<=Settings!$B$4,"small_control",IF($A6<=Settings!$B$5,"medium_10k",IF($A6<=Settings!$B$6,"large_100k","extreme_1m"))) | C6: ="ORD-"&TEXT(QUOTIENT($A6-1,3)+1,"0000000") | D6: ="LINE-"&TEXT($A6,"0000000") | E6: =Settings!$B$2+$A6-1 | F6: =Settings!$B$2+MOD($A6-1,Settings!$B$7) | G6: =YEAR($F6) | H6: ="Q"&ROUNDUP(MONTH($F6)/3,0) | I6: =MONTH($F6) | J6: =CHOOSE(MONTH($F6),"Январь","Февраль","Март","Апрель","Май","Июнь","Июль","Август","Сентябрь","Октябрь","Ноябрь","Декабрь") | K6: =DAY($F6) | L6: =IF(MOD($A6,10)<7,"ФО_01_Крупный","ФО_"&TEXT(MOD($A6,8)+1,"00")) | M6: =IF($AB6="Да","Регион_001_Крупный","Регион_"&TEXT(MOD(QUOTIENT($A6-1,20),180)+1,"000")) | N6: =IF($AB6="Да","Город_"&TEXT(MOD($A6-1,250)+1,"0000"),"Город_"&TEXT(MOD($A6-1,3000)+1,"0000")) | O6: =IF($AB6="Да","Холдинг_Крупный","Холдинг_"&TEXT(MOD(QUOTIENT($A6-1,10000),20)+1,"00")) | P6: =IF($AB6="Да","Организация_Крупная","Организация_"&TEXT(MOD(QUOTIENT($A6-1,500),600)+1,"000")) | Q6: ="Отдел_"&TEXT(MOD(QUOTIENT($A6-1,50),100)+1,"000") | R6: =IF($AB6="Да","Группа_Крупная","Группа_"&TEXT(MOD(QUOTIENT($A6-1,5000),30)+1,"00")) | S6: =IF($AB6="Да","Категория_Крупная","Категория_"&TEXT(MOD(QUOTIENT($A6-1,500),120)+1,"000")) | T6: =IF($AB6="Да","Подкатегория_Крупная","Подкатегория_"&TEXT(MOD(QUOTIENT($A6-1,50),300)+1,"000")) | U6: ="SKU_"&TEXT($A6,"0000000") | V6: =CHOOSE(MOD($A6-1,4)+1,"Enterprise","SMB","Госсектор","Розница") | W6: ="Клиент_"&TEXT(MOD($A6-1,20000)+1,"00000") | X6: =CHOOSE(MOD($A6-1,5)+1,"Портал","API","Импорт","Ручной ввод","Интеграция") | Y6: =ROUND(1000+MOD($A6*37,90000)+IF($AB6="Да",5000,0),2) | Z6: =1+MOD($A6,20) | AA6: =ROUND($Y6*(0.08+MOD($A6,17)/100),2) | AB6: =IF(MOD($A6,10)<7,"Да","Нет") | AC6: =$R6&" / "&$S6&" / "&$T6 | AD6: =1 | AE6: =IF($A6<=Settings!$B$4,"до 100",IF($A6<=Settings!$B$5,"до 10 000",IF($A6<=Settings!$B$6,"до 100 000","100 000+")))
A7: =ROW()-1 | B7: =IF($A7<=Settings!$B$4,"small_control",IF($A7<=Settings!$B$5,"medium_10k",IF($A7<=Settings!$B$6,"large_100k","extreme_1m"))) | C7: ="ORD-"&TEXT(QUOTIENT($A7-1,3)+1,"0000000") | D7: ="LINE-"&TEXT($A7,"0000000") | E7: =Settings!$B$2+$A7-1 | F7: =Settings!$B$2+MOD($A7-1,Settings!$B$7) | G7: =YEAR($F7) | H7: ="Q"&ROUNDUP(MONTH($F7)/3,0) | I7: =MONTH($F7) | J7: =CHOOSE(MONTH($F7),"Январь","Февраль","Март","Апрель","Май","Июнь","Июль","Август","Сентябрь","Октябрь","Ноябрь","Декабрь") | K7: =DAY($F7) | L7: =IF(MOD($A7,10)<7,"ФО_01_Крупный","ФО_"&TEXT(MOD($A7,8)+1,"00")) | M7: =IF($AB7="Да","Регион_001_Крупный","Регион_"&TEXT(MOD(QUOTIENT($A7-1,20),180)+1,"000")) | N7: =IF($AB7="Да","Город_"&TEXT(MOD($A7-1,250)+1,"0000"),"Город_"&TEXT(MOD($A7-1,3000)+1,"0000")) | O7: =IF($AB7="Да","Холдинг_Крупный","Холдинг_"&TEXT(MOD(QUOTIENT($A7-1,10000),20)+1,"00")) | P7: =IF($AB7="Да","Организация_Крупная","Организация_"&TEXT(MOD(QUOTIENT($A7-1,500),600)+1,"000")) | Q7: ="Отдел_"&TEXT(MOD(QUOTIENT($A7-1,50),100)+1,"000") | R7: =IF($AB7="Да","Группа_Крупная","Группа_"&TEXT(MOD(QUOTIENT($A7-1,5000),30)+1,"00")) | S7: =IF($AB7="Да","Категория_Крупная","Категория_"&TEXT(MOD(QUOTIENT($A7-1,500),120)+1,"000")) | T7: =IF($AB7="Да","Подкатегория_Крупная","Подкатегория_"&TEXT(MOD(QUOTIENT($A7-1,50),300)+1,"000")) | U7: ="SKU_"&TEXT($A7,"0000000") | V7: =CHOOSE(MOD($A7-1,4)+1,"Enterprise","SMB","Госсектор","Розница") | W7: ="Клиент_"&TEXT(MOD($A7-1,20000)+1,"00000") | X7: =CHOOSE(MOD($A7-1,5)+1,"Портал","API","Импорт","Ручной ввод","Интеграция") | Y7: =ROUND(1000+MOD($A7*37,90000)+IF($AB7="Да",5000,0),2) | Z7: =1+MOD($A7,20) | AA7: =ROUND($Y7*(0.08+MOD($A7,17)/100),2) | AB7: =IF(MOD($A7,10)<7,"Да","Нет") | AC7: =$R7&" / "&$S7&" / "&$T7 | AD7: =1 | AE7: =IF($A7<=Settings!$B$4,"до 100",IF($A7<=Settings!$B$5,"до 10 000",IF($A7<=Settings!$B$6,"до 100 000","100 000+")))
A8: =ROW()-1 | B8: =IF($A8<=Settings!$B$4,"small_control",IF($A8<=Settings!$B$5,"medium_10k",IF($A8<=Settings!$B$6,"large_100k","extreme_1m"))) | C8: ="ORD-"&TEXT(QUOTIENT($A8-1,3)+1,"0000000") | D8: ="LINE-"&TEXT($A8,"0000000") | E8: =Settings!$B$2+$A8-1 | F8: =Settings!$B$2+MOD($A8-1,Settings!$B$7) | G8: =YEAR($F8) | H8: ="Q"&ROUNDUP(MONTH($F8)/3,0) | I8: =MONTH($F8) | J8: =CHOOSE(MONTH($F8),"Январь","Февраль","Март","Апрель","Май","Июнь","Июль","Август","Сентябрь","Октябрь","Ноябрь","Декабрь") | K8: =DAY($F8) | L8: =IF(MOD($A8,10)<7,"ФО_01_Крупный","ФО_"&TEXT(MOD($A8,8)+1,"00")) | M8: =IF($AB8="Да","Регион_001_Крупный","Регион_"&TEXT(MOD(QUOTIENT($A8-1,20),180)+1,"000")) | N8: =IF($AB8="Да","Город_"&TEXT(MOD($A8-1,250)+1,"0000"),"Город_"&TEXT(MOD($A8-1,3000)+1,"0000")) | O8: =IF($AB8="Да","Холдинг_Крупный","Холдинг_"&TEXT(MOD(QUOTIENT($A8-1,10000),20)+1,"00")) | P8: =IF($AB8="Да","Организация_Крупная","Организация_"&TEXT(MOD(QUOTIENT($A8-1,500),600)+1,"000")) | Q8: ="Отдел_"&TEXT(MOD(QUOTIENT($A8-1,50),100)+1,"000") | R8: =IF($AB8="Да","Группа_Крупная","Группа_"&TEXT(MOD(QUOTIENT($A8-1,5000),30)+1,"00")) | S8: =IF($AB8="Да","Категория_Крупная","Категория_"&TEXT(MOD(QUOTIENT($A8-1,500),120)+1,"000")) | T8: =IF($AB8="Да","Подкатегория_Крупная","Подкатегория_"&TEXT(MOD(QUOTIENT($A8-1,50),300)+1,"000")) | U8: ="SKU_"&TEXT($A8,"0000000") | V8: =CHOOSE(MOD($A8-1,4)+1,"Enterprise","SMB","Госсектор","Розница") | W8: ="Клиент_"&TEXT(MOD($A8-1,20000)+1,"00000") | X8: =CHOOSE(MOD($A8-1,5)+1,"Портал","API","Импорт","Ручной ввод","Интеграция") | Y8: =ROUND(1000+MOD($A8*37,90000)+IF($AB8="Да",5000,0),2) | Z8: =1+MOD($A8,20) | AA8: =ROUND($Y8*(0.08+MOD($A8,17)/100),2) | AB8: =IF(MOD($A8,10)<7,"Да","Нет") | AC8: =$R8&" / "&$S8&" / "&$T8 | AD8: =1 | AE8: =IF($A8<=Settings!$B$4,"до 100",IF($A8<=Settings!$B$5,"до 10 000",IF($A8<=Settings!$B$6,"до 100 000","100 000+")))
A9: =ROW()-1 | B9: =IF($A9<=Settings!$B$4,"small_control",IF($A9<=Settings!$B$5,"medium_10k",IF($A9<=Settings!$B$6,"large_100k","extreme_1m"))) | C9: ="ORD-"&TEXT(QUOTIENT($A9-1,3)+1,"0000000") | D9: ="LINE-"&TEXT($A9,"0000000") | E9: =Settings!$B$2+$A9-1 | F9: =Settings!$B$2+MOD($A9-1,Settings!$B$7) | G9: =YEAR($F9) | H9: ="Q"&ROUNDUP(MONTH($F9)/3,0) | I9: =MONTH($F9) | J9: =CHOOSE(MONTH($F9),"Январь","Февраль","Март","Апрель","Май","Июнь","Июль","Август","Сентябрь","Октябрь","Ноябрь","Декабрь") | K9: =DAY($F9) | L9: =IF(MOD($A9,10)<7,"ФО_01_Крупный","ФО_"&TEXT(MOD($A9,8)+1,"00")) | M9: =IF($AB9="Да","Регион_001_Крупный","Регион_"&TEXT(MOD(QUOTIENT($A9-1,20),180)+1,"000")) | N9: =IF($AB9="Да","Город_"&TEXT(MOD($A9-1,250)+1,"0000"),"Город_"&TEXT(MOD($A9-1,3000)+1,"0000")) | O9: =IF($AB9="Да","Холдинг_Крупный","Холдинг_"&TEXT(MOD(QUOTIENT($A9-1,10000),20)+1,"00")) | P9: =IF($AB9="Да","Организация_Крупная","Организация_"&TEXT(MOD(QUOTIENT($A9-1,500),600)+1,"000")) | Q9: ="Отдел_"&TEXT(MOD(QUOTIENT($A9-1,50),100)+1,"000") | R9: =IF($AB9="Да","Группа_Крупная","Группа_"&TEXT(MOD(QUOTIENT($A9-1,5000),30)+1,"00")) | S9: =IF($AB9="Да","Категория_Крупная","Категория_"&TEXT(MOD(QUOTIENT($A9-1,500),120)+1,"000")) | T9: =IF($AB9="Да","Подкатегория_Крупная","Подкатегория_"&TEXT(MOD(QUOTIENT($A9-1,50),300)+1,"000")) | U9: ="SKU_"&TEXT($A9,"0000000") | V9: =CHOOSE(MOD($A9-1,4)+1,"Enterprise","SMB","Госсектор","Розница") | W9: ="Клиент_"&TEXT(MOD($A9-1,20000)+1,"00000") | X9: =CHOOSE(MOD($A9-1,5)+1,"Портал","API","Импорт","Ручной ввод","Интеграция") | Y9: =ROUND(1000+MOD($A9*37,90000)+IF($AB9="Да",5000,0),2) | Z9: =1+MOD($A9,20) | AA9: =ROUND($Y9*(0.08+MOD($A9,17)/100),2) | AB9: =IF(MOD($A9,10)<7,"Да","Нет") | AC9: =$R9&" / "&$S9&" / "&$T9 | AD9: =1 | AE9: =IF($A9<=Settings!$B$4,"до 100",IF($A9<=Settings!$B$5,"до 10 000",IF($A9<=Settings!$B$6,"до 100 000","100 000+")))
A10: =ROW()-1 | B10: =IF($A10<=Settings!$B$4,"small_control",IF($A10<=Settings!$B$5,"medium_10k",IF($A10<=Settings!$B$6,"large_100k","extreme_1m"))) | C10: ="ORD-"&TEXT(QUOTIENT($A10-1,3)+1,"0000000") | D10: ="LINE-"&TEXT($A10,"0000000") | E10: =Settings!$B$2+$A10-1 | F10: =Settings!$B$2+MOD($A10-1,Settings!$B$7) | G10: =YEAR($F10) | H10: ="Q"&ROUNDUP(MONTH($F10)/3,0) | I10: =MONTH($F10) | J10: =CHOOSE(MONTH($F10),"Январь","Февраль","Март","Апрель","Май","Июнь","Июль","Август","Сентябрь","Октябрь","Ноябрь","Декабрь") | K10: =DAY($F10) | L10: =IF(MOD($A10,10)<7,"ФО_01_Крупный","ФО_"&TEXT(MOD($A10,8)+1,"00")) | M10: =IF($AB10="Да","Регион_001_Крупный","Регион_"&TEXT(MOD(QUOTIENT($A10-1,20),180)+1,"000")) | N10: =IF($AB10="Да","Город_"&TEXT(MOD($A10-1,250)+1,"0000"),"Город_"&TEXT(MOD($A10-1,3000)+1,"0000")) | O10: =IF($AB10="Да","Холдинг_Крупный","Холдинг_"&TEXT(MOD(QUOTIENT($A10-1,10000),20)+1,"00")) | P10: =IF($AB10="Да","Организация_Крупная","Организация_"&TEXT(MOD(QUOTIENT($A10-1,500),600)+1,"000")) | Q10: ="Отдел_"&TEXT(MOD(QUOTIENT($A10-1,50),100)+1,"000") | R10: =IF($AB10="Да","Группа_Крупная","Группа_"&TEXT(MOD(QUOTIENT($A10-1,5000),30)+1,"00")) | S10: =IF($AB10="Да","Категория_Крупная","Категория_"&TEXT(MOD(QUOTIENT($A10-1,500),120)+1,"000")) | T10: =IF($AB10="Да","Подкатегория_Крупная","Подкатегория_"&TEXT(MOD(QUOTIENT($A10-1,50),300)+1,"000")) | U10: ="SKU_"&TEXT($A10,"0000000") | V10: =CHOOSE(MOD($A10-1,4)+1,"Enterprise","SMB","Госсектор","Розница") | W10: ="Клиент_"&TEXT(MOD($A10-1,20000)+1,"00000") | X10: =CHOOSE(MOD($A10-1,5)+1,"Портал","API","Импорт","Ручной ввод","Интеграция") | Y10: =ROUND(1000+MOD($A10*37,90000)+IF($AB10="Да",5000,0),2) | Z10: =1+MOD($A10,20) | AA10: =ROUND($Y10*(0.08+MOD($A10,17)/100),2) | AB10: =IF(MOD($A10,10)<7,"Да","Нет") | AC10: =$R10&" / "&$S10&" / "&$T10 | AD10: =1 | AE10: =IF($A10<=Settings!$B$4,"до 100",IF($A10<=Settings!$B$5,"до 10 000",IF($A10<=Settings!$B$6,"до 100 000","100 000+")))
A11: =ROW()-1 | B11: =IF($A11<=Settings!$B$4,"small_control",IF($A11<=Settings!$B$5,"medium_10k",IF($A11<=Settings!$B$6,"large_100k","extreme_1m"))) | C11: ="ORD-"&TEXT(QUOTIENT($A11-1,3)+1,"0000000") | D11: ="LINE-"&TEXT($A11,"0000000") | E11: =Settings!$B$2+$A11-1 | F11: =Settings!$B$2+MOD($A11-1,Settings!$B$7) | G11: =YEAR($F11) | H11: ="Q"&ROUNDUP(MONTH($F11)/3,0) | I11: =MONTH($F11) | J11: =CHOOSE(MONTH($F11),"Январь","Февраль","Март","Апрель","Май","Июнь","Июль","Август","Сентябрь","Октябрь","Ноябрь","Декабрь") | K11: =DAY($F11) | L11: =IF(MOD($A11,10)<7,"ФО_01_Крупный","ФО_"&TEXT(MOD($A11,8)+1,"00")) | M11: =IF($AB11="Да","Регион_001_Крупный","Регион_"&TEXT(MOD(QUOTIENT($A11-1,20),180)+1,"000")) | N11: =IF($AB11="Да","Город_"&TEXT(MOD($A11-1,250)+1,"0000"),"Город_"&TEXT(MOD($A11-1,3000)+1,"0000")) | O11: =IF($AB11="Да","Холдинг_Крупный","Холдинг_"&TEXT(MOD(QUOTIENT($A11-1,10000),20)+1,"00")) | P11: =IF($AB11="Да","Организация_Крупная","Организация_"&TEXT(MOD(QUOTIENT($A11-1,500),600)+1,"000")) | Q11: ="Отдел_"&TEXT(MOD(QUOTIENT($A11-1,50),100)+1,"000") | R11: =IF($AB11="Да","Группа_Крупная","Группа_"&TEXT(MOD(QUOTIENT($A11-1,5000),30)+1,"00")) | S11: =IF($AB11="Да","Категория_Крупная","Категория_"&TEXT(MOD(QUOTIENT($A11-1,500),120)+1,"000")) | T11: =IF($AB11="Да","Подкатегория_Крупная","Подкатегория_"&TEXT(MOD(QUOTIENT($A11-1,50),300)+1,"000")) | U11: ="SKU_"&TEXT($A11,"0000000") | V11: =CHOOSE(MOD($A11-1,4)+1,"Enterprise","SMB","Госсектор","Розница") | W11: ="Клиент_"&TEXT(MOD($A11-1,20000)+1,"00000") | X11: =CHOOSE(MOD($A11-1,5)+1,"Портал","API","Импорт","Ручной ввод","Интеграция") | Y11: =ROUND(1000+MOD($A11*37,90000)+IF($AB11="Да",5000,0),2) | Z11: =1+MOD($A11,20) | AA11: =ROUND($Y11*(0.08+MOD($A11,17)/100),2) | AB11: =IF(MOD($A11,10)<7,"Да","Нет") | AC11: =$R11&" / "&$S11&" / "&$T11 | AD11: =1 | AE11: =IF($A11<=Settings!$B$4,"до 100",IF($A11<=Settings!$B$5,"до 10 000",IF($A11<=Settings!$B$6,"до 100 000","100 000+")))
A12: =ROW()-1 | B12: =IF($A12<=Settings!$B$4,"small_control",IF($A12<=Settings!$B$5,"medium_10k",IF($A12<=Settings!$B$6,"large_100k","extreme_1m"))) | C12: ="ORD-"&TEXT(QUOTIENT($A12-1,3)+1,"0000000") | D12: ="LINE-"&TEXT($A12,"0000000") | E12: =Settings!$B$2+$A12-1 | F12: =Settings!$B$2+MOD($A12-1,Settings!$B$7) | G12: =YEAR($F12) | H12: ="Q"&ROUNDUP(MONTH($F12)/3,0) | I12: =MONTH($F12) | J12: =CHOOSE(MONTH($F12),"Январь","Февраль","Март","Апрель","Май","Июнь","Июль","Август","Сентябрь","Октябрь","Ноябрь","Декабрь") | K12: =DAY($F12) | L12: =IF(MOD($A12,10)<7,"ФО_01_Крупный","ФО_"&TEXT(MOD($A12,8)+1,"00")) | M12: =IF($AB12="Да","Регион_001_Крупный","Регион_"&TEXT(MOD(QUOTIENT($A12-1,20),180)+1,"000")) | N12: =IF($AB12="Да","Город_"&TEXT(MOD($A12-1,250)+1,"0000"),"Город_"&TEXT(MOD($A12-1,3000)+1,"0000")) | O12: =IF($AB12="Да","Холдинг_Крупный","Холдинг_"&TEXT(MOD(QUOTIENT($A12-1,10000),20)+1,"00")) | P12: =IF($AB12="Да","Организация_Крупная","Организация_"&TEXT(MOD(QUOTIENT($A12-1,500),600)+1,"000")) | Q12: ="Отдел_"&TEXT(MOD(QUOTIENT($A12-1,50),100)+1,"000") | R12: =IF($AB12="Да","Группа_Крупная","Группа_"&TEXT(MOD(QUOTIENT($A12-1,5000),30)+1,"00")) | S12: =IF($AB12="Да","Категория_Крупная","Категория_"&TEXT(MOD(QUOTIENT($A12-1,500),120)+1,"000")) | T12: =IF($AB12="Да","Подкатегория_Крупная","Подкатегория_"&TEXT(MOD(QUOTIENT($A12-1,50),300)+1,"000")) | U12: ="SKU_"&TEXT($A12,"0000000") | V12: =CHOOSE(MOD($A12-1,4)+1,"Enterprise","SMB","Госсектор","Розница") | W12: ="Клиент_"&TEXT(MOD($A12-1,20000)+1,"00000") | X12: =CHOOSE(MOD($A12-1,5)+1,"Портал","API","Импорт","Ручной ввод","Интеграция") | Y12: =ROUND(1000+MOD($A12*37,90000)+IF($AB12="Да",5000,0),2) | Z12: =1+MOD($A12,20) | AA12: =ROUND($Y12*(0.08+MOD($A12,17)/100),2) | AB12: =IF(MOD($A12,10)<7,"Да","Нет") | AC12: =$R12&" / "&$S12&" / "&$T12 | AD12: =1 | AE12: =IF($A12<=Settings!$B$4,"до 100",IF($A12<=Settings!$B$5,"до 10 000",IF($A12<=Settings!$B$6,"до 100 000","100 000+")))
A13: =ROW()-1 | B13: =IF($A13<=Settings!$B$4,"small_control",IF($A13<=Settings!$B$5,"medium_10k",IF($A13<=Settings!$B$6,"large_100k","extreme_1m"))) | C13: ="ORD-"&TEXT(QUOTIENT($A13-1,3)+1,"0000000") | D13: ="LINE-"&TEXT($A13,"0000000") | E13: =Settings!$B$2+$A13-1 | F13: =Settings!$B$2+MOD($A13-1,Settings!$B$7) | G13: =YEAR($F13) | H13: ="Q"&ROUNDUP(MONTH($F13)/3,0) | I13: =MONTH($F13) | J13: =CHOOSE(MONTH($F13),"Январь","Февраль","Март","Апрель","Май","Июнь","Июль","Август","Сентябрь","Октябрь","Ноябрь","Декабрь") | K13: =DAY($F13) | L13: =IF(MOD($A13,10)<7,"ФО_01_Крупный","ФО_"&TEXT(MOD($A13,8)+1,"00")) | M13: =IF($AB13="Да","Регион_001_Крупный","Регион_"&TEXT(MOD(QUOTIENT($A13-1,20),180)+1,"000")) | N13: =IF($AB13="Да","Город_"&TEXT(MOD($A13-1,250)+1,"0000"),"Город_"&TEXT(MOD($A13-1,3000)+1,"0000")) | O13: =IF($AB13="Да","Холдинг_Крупный","Холдинг_"&TEXT(MOD(QUOTIENT($A13-1,10000),20)+1,"00")) | P13: =IF($AB13="Да","Организация_Крупная","Организация_"&TEXT(MOD(QUOTIENT($A13-1,500),600)+1,"000")) | Q13: ="Отдел_"&TEXT(MOD(QUOTIENT($A13-1,50),100)+1,"000") | R13: =IF($AB13="Да","Группа_Крупная","Группа_"&TEXT(MOD(QUOTIENT($A13-1,5000),30)+1,"00")) | S13: =IF($AB13="Да","Категория_Крупная","Категория_"&TEXT(MOD(QUOTIENT($A13-1,500),120)+1,"000")) | T13: =IF($AB13="Да","Подкатегория_Крупная","Подкатегория_"&TEXT(MOD(QUOTIENT($A13-1,50),300)+1,"000")) | U13: ="SKU_"&TEXT($A13,"0000000") | V13: =CHOOSE(MOD($A13-1,4)+1,"Enterprise","SMB","Госсектор","Розница") | W13: ="Клиент_"&TEXT(MOD($A13-1,20000)+1,"00000") | X13: =CHOOSE(MOD($A13-1,5)+1,"Портал","API","Импорт","Ручной ввод","Интеграция") | Y13: =ROUND(1000+MOD($A13*37,90000)+IF($AB13="Да",5000,0),2) | Z13: =1+MOD($A13,20) | AA13: =ROUND($Y13*(0.08+MOD($A13,17)/100),2) | AB13: =IF(MOD($A13,10)<7,"Да","Нет") | AC13: =$R13&" / "&$S13&" / "&$T13 | AD13: =1 | AE13: =IF($A13<=Settings!$B$4,"до 100",IF($A13<=Settings!$B$5,"до 10 000",IF($A13<=Settings!$B$6,"до 100 000","100 000+")))
... A5001: =ROW()-1 | B5001: =IF($A5001<=Settings!$B$4,"small_control",IF($A5001<=Settings!$B$5,"medium_10k",IF($A5001<=Settings!$B$6,"large_100k","extreme_1m"))) | C5001: ="ORD-"&TEXT(QUOTIENT($A5001-1,3)+1,"0000000") | D5001: ="LINE-"&TEXT($A5001,"0000000") | E5001: =Settings!$B$2+$A5001-1 | F5001: =Settings!$B$2+MOD($A5001-1,Settings!$B$7) | G5001: =YEAR($F5001) | H5001: ="Q"&ROUNDUP(MONTH($F5001)/3,0) | I5001: =MONTH($F5001) | J5001: =CHOOSE(MONTH($F5001),"Январь","Февраль","Март","Апрель","Май","Июнь","Июль","Август","Сентябрь","Октябрь","Ноябрь","Декабрь") | K5001: =DAY($F5001) | L5001: =IF(MOD($A5001,10)<7,"ФО_01_Крупный","ФО_"&TEXT(MOD($A5001,8)+1,"00")) | M5001: =IF($AB5001="Да","Регион_001_Крупный","Регион_"&TEXT(MOD(QUOTIENT($A5001-1,20),180)+1,"000")) | N5001: =IF($AB5001="Да","Город_"&TEXT(MOD($A5001-1,250)+1,"0000"),"Город_"&TEXT(MOD($A5001-1,3000)+1,"0000")) | O5001: =IF($AB5001="Да","Холдинг_Крупный","Холдинг_"&TEXT(MOD(QUOTIENT($A5001-1,10000),20)+1,"00")) | P5001: =IF($AB5001="Да","Организация_Крупная","Организация_"&TEXT(MOD(QUOTIENT($A5001-1,500),600)+1,"000")) | Q5001: ="Отдел_"&TEXT(MOD(QUOTIENT($A5001-1,50),100)+1,"000") | R5001: =IF($AB5001="Да","Группа_Крупная","Группа_"&TEXT(MOD(QUOTIENT($A5001-1,5000),30)+1,"00")) | S5001: =IF($AB5001="Да","Категория_Крупная","Категория_"&TEXT(MOD(QUOTIENT($A5001-1,500),120)+1,"000")) | T5001: =IF($AB5001="Да","Подкатегория_Крупная","Подкатегория_"&TEXT(MOD(QUOTIENT($A5001-1,50),300)+1,"000")) | U5001: ="SKU_"&TEXT($A5001,"0000000") | V5001: =CHOOSE(MOD($A5001-1,4)+1,"Enterprise","SMB","Госсектор","Розница") | W5001: ="Клиент_"&TEXT(MOD($A5001-1,20000)+1,"00000") | X5001: =CHOOSE(MOD($A5001-1,5)+1,"Портал","API","Импорт","Ручной ввод","Интеграция") | Y5001: =ROUND(1000+MOD($A5001*37,90000)+IF($AB5001="Да",5000,0),2) | Z5001: =1+MOD($A5001,20) | AA5001: =ROUND($Y5001*(0.08+MOD($A5001,17)/100),2) | AB5001: =IF(MOD($A5001,10)<7,"Да","Нет") | AC5001: =$R5001&" / "&$S5001&" / "&$T5001 | AD5001: =1 | AE5001: =IF($A5001<=Settings!$B$4,"до 100",IF($A5001<=Settings!$B$5,"до 10 000",IF($A5001<=Settings!$B$6,"до 100 000","100 000+")))

Sheet Data_Values_Sample
A1: row_id | B1: scenario_group | C1: order_id | D1: order_line_id | E1: order_date_seq | F1: period_date | G1: year | H1: quarter | I1: month_num | J1: month_name | K1: day_of_month | L1: federal_district | M1: region | N1: city | O1: organization_group | P1: organization | Q1: department | R1: product_group | S1: category | T1: subcategory | U1: sku | V1: client_segment | W1: client_name | X1: channel | Y1: amount | Z1: quantity | AA1: margin | AB1: is_skewed_branch | AC1: branch_key | AD1: line_count | AE1: data_volume_bucket
A2: 1 | B2: small_control | C2: ORD-0000001 | D2: LINE-0000001 | E2: 45292 | F2: 45292 | G2: 2024 | H2: Q1 | I2: 1 | J2: Январь | K2: 1 | L2: ФО_01_Крупный | M2: Регион_001_Крупный | N2: Город_0001 | O2: Холдинг_Крупный | P2: Организация_Крупная | Q2: Отдел_001 | R2: Группа_Крупная | S2: Категория_Крупная | T2: Подкатегория_Крупная | U2: SKU_0000001 | V2: Enterprise | W2: Клиент_00001 | X2: Портал | Y2: 6037 | Z2: 2 | AA2: 543.33 | AB2: Да | AC2: Группа_Крупная / Категория_Крупная / Подкатегория_Крупная | AD2: 1 | AE2: до 100
A3: 2 | B3: small_control | C3: ORD-0000001 | D3: LINE-0000002 | E3: 45293 | F3: 45293 | G3: 2024 | H3: Q1 | I3: 1 | J3: Январь | K3: 2 | L3: ФО_01_Крупный | M3: Регион_001_Крупный | N3: Город_0002 | O3: Холдинг_Крупный | P3: Организация_Крупная | Q3: Отдел_001 | R3: Группа_Крупная | S3: Категория_Крупная | T3: Подкатегория_Крупная | U3: SKU_0000002 | V3: SMB | W3: Клиент_00002 | X3: API | Y3: 6074 | Z3: 3 | AA3: 607.4 | AB3: Да | AC3: Группа_Крупная / Категория_Крупная / Подкатегория_Крупная | AD3: 1 | AE3: до 100
A4: 3 | B4: small_control | C4: ORD-0000001 | D4: LINE-0000003 | E4: 45294 | F4: 45294 | G4: 2024 | H4: Q1 | I4: 1 | J4: Январь | K4: 3 | L4: ФО_01_Крупный | M4: Регион_001_Крупный | N4: Город_0003 | O4: Холдинг_Крупный | P4: Организация_Крупная | Q4: Отдел_001 | R4: Группа_Крупная | S4: Категория_Крупная | T4: Подкатегория_Крупная | U4: SKU_0000003 | V4: Госсектор | W4: Клиент_00003 | X4: Импорт | Y4: 6111 | Z4: 4 | AA4: 672.21 | AB4: Да | AC4: Группа_Крупная / Категория_Крупная / Подкатегория_Крупная | AD4: 1 | AE4: до 100
A5: 4 | B5: small_control | C5: ORD-0000002 | D5: LINE-0000004 | E5: 45295 | F5: 45295 | G5: 2024 | H5: Q1 | I5: 1 | J5: Январь | K5: 4 | L5: ФО_01_Крупный | M5: Регион_001_Крупный | N5: Город_0004 | O5: Холдинг_Крупный | P5: Организация_Крупная | Q5: Отдел_001 | R5: Группа_Крупная | S5: Категория_Крупная | T5: Подкатегория_Крупная | U5: SKU_0000004 | V5: Розница | W5: Клиент_00004 | X5: Ручной ввод | Y5: 6148 | Z5: 5 | AA5: 737.76 | AB5: Да | AC5: Группа_Крупная / Категория_Крупная / Подкатегория_Крупная | AD5: 1 | AE5: до 100
A6: 5 | B6: small_control | C6: ORD-0000002 | D6: LINE-0000005 | E6: 45296 | F6: 45296 | G6: 2024 | H6: Q1 | I6: 1 | J6: Январь | K6: 5 | L6: ФО_01_Крупный | M6: Регион_001_Крупный | N6: Город_0005 | O6: Холдинг_Крупный | P6: Организация_Крупная | Q6: Отдел_001 | R6: Группа_Крупная | S6: Категория_Крупная | T6: Подкатегория_Крупная | U6: SKU_0000005 | V6: Enterprise | W6: Клиент_00005 | X6: Интеграция | Y6: 6185 | Z6: 6 | AA6: 804.05 | AB6: Да | AC6: Группа_Крупная / Категория_Крупная / Подкатегория_Крупная | AD6: 1 | AE6: до 100
A7: 6 | B7: small_control | C7: ORD-0000002 | D7: LINE-0000006 | E7: 45297 | F7: 45297 | G7: 2024 | H7: Q1 | I7: 1 | J7: Январь | K7: 6 | L7: ФО_01_Крупный | M7: Регион_001_Крупный | N7: Город_0006 | O7: Холдинг_Крупный | P7: Организация_Крупная | Q7: Отдел_001 | R7: Группа_Крупная | S7: Категория_Крупная | T7: Подкатегория_Крупная | U7: SKU_0000006 | V7: SMB | W7: Клиент_00006 | X7: Портал | Y7: 6222 | Z7: 7 | AA7: 871.08 | AB7: Да | AC7: Группа_Крупная / Категория_Крупная / Подкатегория_Крупная | AD7: 1 | AE7: до 100
A8: 7 | B8: small_control | C8: ORD-0000003 | D8: LINE-0000007 | E8: 45298 | F8: 45298 | G8: 2024 | H8: Q1 | I8: 1 | J8: Январь | K8: 7 | L8: ФО_08 | M8: Регион_001 | N8: Город_0007 | O8: Холдинг_01 | P8: Организация_001 | Q8: Отдел_001 | R8: Группа_01 | S8: Категория_001 | T8: Подкатегория_001 | U8: SKU_0000007 | V8: Госсектор | W8: Клиент_00007 | X8: API | Y8: 1259 | Z8: 8 | AA8: 188.85 | AB8: Нет | AC8: Группа_01 / Категория_001 / Подкатегория_001 | AD8: 1 | AE8: до 100
A9: 8 | B9: small_control | C9: ORD-0000003 | D9: LINE-0000008 | E9: 45299 | F9: 45299 | G9: 2024 | H9: Q1 | I9: 1 | J9: Январь | K9: 8 | L9: ФО_01 | M9: Регион_001 | N9: Город_0008 | O9: Холдинг_01 | P9: Организация_001 | Q9: Отдел_001 | R9: Группа_01 | S9: Категория_001 | T9: Подкатегория_001 | U9: SKU_0000008 | V9: Розница | W9: Клиент_00008 | X9: Импорт | Y9: 1296 | Z9: 9 | AA9: 207.36 | AB9: Нет | AC9: Группа_01 / Категория_001 / Подкатегория_001 | AD9: 1 | AE9: до 100
A10: 9 | B10: small_control | C10: ORD-0000003 | D10: LINE-0000009 | E10: 45300 | F10: 45300 | G10: 2024 | H10: Q1 | I10: 1 | J10: Январь | K10: 9 | L10: ФО_02 | M10: Регион_001 | N10: Город_0009 | O10: Холдинг_01 | P10: Организация_001 | Q10: Отдел_001 | R10: Группа_01 | S10: Категория_001 | T10: Подкатегория_001 | U10: SKU_0000009 | V10: Enterprise | W10: Клиент_00009 | X10: Ручной ввод | Y10: 1333 | Z10: 10 | AA10: 226.61 | AB10: Нет | AC10: Группа_01 / Категория_001 / Подкатегория_001 | AD10: 1 | AE10: до 100
A11: 10 | B11: small_control | C11: ORD-0000004 | D11: LINE-0000010 | E11: 45301 | F11: 45301 | G11: 2024 | H11: Q1 | I11: 1 | J11: Январь | K11: 10 | L11: ФО_01_Крупный | M11: Регион_001_Крупный | N11: Город_0010 | O11: Холдинг_Крупный | P11: Организация_Крупная | Q11: Отдел_001 | R11: Группа_Крупная | S11: Категория_Крупная | T11: Подкатегория_Крупная | U11: SKU_0000010 | V11: SMB | W11: Клиент_00010 | X11: Интеграция | Y11: 6370 | Z11: 11 | AA11: 1146.6 | AB11: Да | AC11: Группа_Крупная / Категория_Крупная / Подкатегория_Крупная | AD11: 1 | AE11: до 100
A12: 11 | B12: small_control | C12: ORD-0000004 | D12: LINE-0000011 | E12: 45302 | F12: 45302 | G12: 2024 | H12: Q1 | I12: 1 | J12: Январь | K12: 11 | L12: ФО_01_Крупный | M12: Регион_001_Крупный | N12: Город_0011 | O12: Холдинг_Крупный | P12: Организация_Крупная | Q12: Отдел_001 | R12: Группа_Крупная | S12: Категория_Крупная | T12: Подкатегория_Крупная | U12: SKU_0000011 | V12: Госсектор | W12: Клиент_00011 | X12: Портал | Y12: 6407 | Z12: 12 | AA12: 1217.33 | AB12: Да | AC12: Группа_Крупная / Категория_Крупная / Подкатегория_Крупная | AD12: 1 | AE12: до 100
A13: 12 | B13: small_control | C13: ORD-0000004 | D13: LINE-0000012 | E13: 45303 | F13: 45303 | G13: 2024 | H13: Q1 | I13: 1 | J13: Январь | K13: 12 | L13: ФО_01_Крупный | M13: Регион_001_Крупный | N13: Город_0012 | O13: Холдинг_Крупный | P13: Организация_Крупная | Q13: Отдел_001 | R13: Группа_Крупная | S13: Категория_Крупная | T13: Подкатегория_Крупная | U13: SKU_0000012 | V13: Розница | W13: Клиент_00012 | X13: API | Y13: 6444 | Z13: 13 | AA13: 1288.8 | AB13: Да | AC13: Группа_Крупная / Категория_Крупная / Подкатегория_Крупная | AD13: 1 | AE13: до 100
... A1001: 1000 | B1001: medium_10k | C1001: ORD-0000334 | D1001: LINE-0001000 | E1001: 46291 | F1001: 46291 | G1001: 2026 | H1001: Q3 | I1001: 9 | J1001: Сентябрь | K1001: 26 | L1001: ФО_01_Крупный | M1001: Регион_001_Крупный | N1001: Город_0250 | O1001: Холдинг_Крупный | P1001: Организация_Крупная | Q1001: Отдел_020 | R1001: Группа_Крупная | S1001: Категория_Крупная | T1001: Подкатегория_Крупная | U1001: SKU_0001000 | V1001: Розница | W1001: Клиент_01000 | X1001: Интеграция | Y1001: 43000 | Z1001: 1 | AA1001: 9460 | AB1001: Да | AC1001: Группа_Крупная / Категория_Крупная / Подкатегория_Крупная | AD1001: 1 | AE1001: до 10 000

Sheet Field_Map
A1: Поле | B1: Тип | C1: Назначение в тестовом отчёте | D1: Комментарий
A2: row_id | B2: Число | C2: Технический ключ / сортировка | D2: Инкремент от 1 вниз.
A3: scenario_group | B3: Категория | C3: Фильтр объёма | D3: small_control / medium_10k / large_100k / extreme_1m.
A4: order_id | B4: Категория | C4: Листовой уровень строк | D4: Один заказ примерно на 3 строки.
A5: order_line_id | B5: Категория | C5: Счётчик листовых строк | D5: Использовать count(order_line_id).
A6: order_date_seq | B6: Дата | C6: Проверка инкремента даты | D6: Каждая строка +1 день от start_date.
A7: period_date | B7: Дата | C7: Иерархия колонок | D7: Циклическая дата на 3 года: использовать для year/quarter/month/day.
A8: year / quarter / month_num / day_of_month | B8: Категория | C8: Колонки сводной | D8: Иерархия: год → квартал → месяц → день.
A9: federal_district / region / city | B9: Категория | C9: Строки сводной | D9: География: округ → регион → город.
A10: organization_group / organization / department | B10: Категория | C10: Альтернативные строки | D10: Оргструктура: холдинг → организация → отдел.
A11: product_group / category / subcategory / sku | B11: Категория | C11: Главная иерархия для пагинации | D11: Крупная ветка намеренно содержит большую долю строк.
A12: client_segment / client_name | B12: Категория | C12: Дополнительная детализация | D12: Нужны для высокой кардинальности.
... A20: data_volume_bucket | B20: Категория | C20: Фильтр объёма | D20: Удобно ограничивать объём через пороги.

Sheet Test_Scenarios
A1: № | B1: Название страницы отчёта | C1: Цель | D1: Строки | E1: Столбцы | F1: Показатели | G1: Фильтры / действия
A2: 1 | B2: Паспорт датасета | C2: Понять объём и состав данных | D2: - | E2: - | F2: count(order_line_id), count distinct client_name/SKU | G2: Фильтр scenario_group, data_volume_bucket
A3: 2 | B3: Базовый сценарий | C3: Проверить глубокую иерархию строк и колонок | D3: federal_district → region → city → client_name → order_id | E3: year → quarter → month_num | F3: sum(amount), sum(quantity), count(order_line_id) | G3: Начать со свёрнутых уровней
A4: 3 | B4: Разрыв ветки между страницами | C4: Проверить структурную пагинацию и дублирование родителей | D4: product_group → category → subcategory → sku → order_id | E4: year | F4: sum(amount), count(order_line_id) | G4: is_skewed_branch=Да; размер страницы 10/50/100
A5: 4 | B5: Развернуть до уровня N | C5: Проверить массовое раскрытие и рост запросов | D5: federal_district → region → city → organization → department | E5: year | F5: sum(amount), count(order_line_id) | G5: Развернуть всё; Развернуть до уровня 2/3; перейти на следующую страницу
A6: 5 | B6: Горизонтальный рост | C6: Проверить рост иерархии по колонкам | D6: client_segment → client_name | E6: year → quarter → month_num → day_of_month | F6: sum(amount), sum(quantity) | G6: Раскрывать колонки до дня
A7: 6 | B7: Двумерный worst case | C7: Проверить одновременный рост вниз и вправо | D7: federal_district → region → city → client_name → order_id | E7: year → quarter → month_num → day_of_month | F7: sum(amount), count(order_line_id) | G7: scenario_group=large_100k или больше
A8: 7 | B8: Кэш и повторная навигация | C8: Проверить повторные переходы и очистку кэша | D8: product_group → category → subcategory → sku | E8: year | F8: sum(amount), count(order_line_id) | G8: 1 → 2 → 10 → последняя → 2; менять размер страницы

Sheet Sources
A1: Источник / материал | B1: URL / комментарий
A2: Jira-задача | B2: https://jira.modusbi.ru/browse/MB-4366
A3: KTalk-запись обсуждения | B3: https://modusbi.ktalk.ru/recordings/orBBB6OhkgSPpags2r2a
A4: Поиск готового XLSX-датасета | B4: Подходящий публичный Excel-файл с нужной иерархической структурой и большим объёмом не использован; файл создан как синтетический шаблон под задачу.
